"Apple processa a Samsung no Japão - Notícias - TechTudo ~http  via @user",0
"É O JACKI CHAN !!! RT @user ESSE É DOS MEUS!!! HAHAHAHAHAHAH ~http  @user; assiste; recomendo!",1
"Eras o samsung galaxy tab e muito lerdo para twitar",-1
"""Dizem que a coisa mais triste que o homem enfrentará;é o que poderia ter sido...",-1
"testando novos aparelhos.. nokia 5233 e Samsung Corby(merda)!",-1
"batendo cabeça com samsung corby",-1
"loogoo mais #MOICANO; voo ficaa gatãao .  (H)**    =D",1
"#bigfollow VIP e EXPRESSO; muito barato mesmo: ~http ",1
"FALHA? No IE?? DUVIDO!!! RT: @user Microsoft confirma vulnerabilidade no navegador Internet Explorer: ~http ",-1
"""Se esta vadia falar alguma merda para mim Nossa eu rodo a baiana aqui hein""",-1
"RAIVA vou ter que ir com meu nike dinovo pra escola ; minha mãe lavou meu all star",-1
"QUE LEGAL!  Brasil ganha prêmio nas olimpíadas de tecnologia da Microsoft em ~http ",1
"Duvida cruel! Shift+Del no Infinite Stratos ou devo gastar um DVD-R com esta porcaria?",-1
"CÂMERA DIGITAL SONY DSC-WX7 16MP; VÍDEOS COM QUALIDADE HD 1080i; FOTOS EM 3D E MUITO MAIS. ~http ",0
"Esse final tem outra etapa do circuito adidas ... vamos que vamos ...",1
"Paulinhoo'Loopes o famoso Brankelo da Nike #TeAmo mto meo brankelo ;$ irmãozinho do conceito + gatoo &lt;3",1
"Parabéns!! RT: @user Alphaville SJC é nosso! Vamos fazer a campanha de incentivo. A campanha de mercado ficou com a Eugênio.",1
"A @user e @user vão sortear uma camisa Nike oficial da seleção brasileira pelo Twitter.Saiba como no link: ~http ",0
"#Cristiano Ronaldo's NIKE Speed test: ~http ",0
"É gente; agora a Sony vai acabar de ser estuprada mesmo.",-1
"Participem da Comunidade da musica do @user ( Não é Normal) &gt;~http",0
"QUE ISSO GALERAAAA; TIMINHO DE MERDA QUE NUM ACEITA PERDER; QUE ISSO o0 cade a policia pra apartar isso velho. #tomanocú",-1
"#feriadoébompara ANDAR NA PRAIA; JÁ FUIIIIIIIIIIII",1
"""Ele é casado e eu sou a outra; Na vida dele; Que vive qual uma brasa; Por lhe faltar Tudo em casa.""#mariabethânia#",-1
"Estou neste exato momento aguardando que o atendente da sony (Thiago); me passe as primeiras informações quanto ao prazo de conserto.",0
"eu ja estourava minhas contas normalmente! Eu nao quero pensar em como vai vir! medo!",-1
"""Eu quero ganhar o mouse sem fio da Microsoft que o @user está sorteando - ~http  #PromoSD""",1
"Acabei de lembrar da festa linda do @user a base de valesca.  Final dos tempos . kkkk",1
"AGORA EU ACHO QUE O RONALDINHO VAI JOGAR A BOLA É DA NIKE !!!",1
"O bing é um ""buscador""?? A única coisa que ele acha é o Google!!!",-1
"""Amar não  e pecado!!# LUAN SANTANA SUCESSO",1
"Alguem ai sabe editar video ??????????????????????",0
"#EIAOVIVO O QUE VALE MAIS; COPA AUDI OU COPA DA HORA?",0
"MTO FELIZ ♥ era o depo q eu mais queria ver *-*",1
"Nossa dormi em um dia de chuva como o de hoje não tem preço ;x",1
"Eu sigo @user e quero ganhar uma Câmera Digital Samsung 14.2 na promoção: ~http",0
"Photo: › Você já se pegou tentando lembrar de cada palavrinha dita naquela situação; apenas para poder... ~http ",0
"aeeee o celular novo chegouuuu... Samsung galaxy sII empolgadasso!",1
"Acordei de mau humor. Vou malhar pra melhorar. Até mais tarde; twitter.",-1
"nuss que raiva não to conseguindo salvar os meus videos comentados aqui no Sony Vegas Pro 10 :S",-1
"cara;e cada gala seca; que velho não tem como não ficar puta! pqp transtornada de odio  me tremendo nem conseguindo escrever direito",-1
"Eu queroooooooooooooo. *-* RT:. @user  O Boné Nike do Centenário ficou irado! ~http ",1
"*Estou de aviso prévio novamente! (Não é notícia de 1º de abril!) =/",-1
"segunda vez que empurram a barreira do inter na falta...",-1
"Capa em silicone gel S-Type curve TPU Premium para Smartphone Samsung Galaxy SII. Apenas R$ 39;90. Frete Grátis... ~http ",0
"O melhor cheiro; é o cheiro que fica na sua roupa depois de você ter abraçado alguém que você gosta muito.",1
"Quero um nintendo #Wii p jogar Just Dance! Me dá?",1
"Sem luz; sem ar nesse calorrrrr ninguem merece",-1
"#Logomarca com nome novo ; criada e enviada! um trabalho a menos! rs",1
"Show do Seu Jorge logo mais...",0
"Lançamentos Sony para seu iPhone 3GS - ~http",0
"eu APAIXONEI com a camisa do fael de ontem!!! Tinha as cores da bandeira da Jamaica e etc hahahaahahha",1
"AH! Minha fessora de pilates disse que eu melhoei sessenta por cento desde a primeira aula...detalhe que essa foi a terceira! =D",1
"boooa tarde!",1
"uhu; que loooooco. sony vaio e um note da hora .. computador aqui nao falta kkk",1
"“Eu quero conquistar a minha independência digital com o Samsung Star que o @user está sorteando ~http ",0
"Depois do ataque que sofreu; Sony diz que terá seguro contro roubo de informações. Vem aí uma taxa de uso da PSNetwork? #FicaaDica #wtf",-1
"aaaaaaah O Luan tem qe levar pelo menos um premio... :'(",-1
"Vcs reclamam da Demi pq ela fez uma tatoo junto com as amgs.  Tem gnt que não rabisca nem o nome do ''bff'' no braço com canetinha vagabunda",-1
"Vende-se - Nintendo Wii edição especial 25 anos; 2 controles; 2 nunchuks; destravado com HD externa e 125 jogos. algum intressado?",0
"3 minutos para a apresentação da NINTENDO na E3 2011!!!!!!!!!!",1
"PELOOOOOOOOOOO DE DEUS ALGUÉM SABE COMO DESBLOQUEAR #MSN ? ://///////////////// TA TENSO AQUI EM",-1
"A microsoft se supera... Wins 7 é melhor que o Vista mas PIOR QUE O XP??? #QuemExplica ?",-1
"Eu quero ganhar o Nintendo Wii que o @user vai sortear dia 27/10 (20:00 hrs); RT e follow @user ~http ",1
"Torneio Pokémon para Nintendo DS em Brasília! Gyms Fighting e Steel de Johto - 31/07 no Pátio Brasil. Mais informações: ~http ",0
"Hoje a noite as 21:00 o Speed irá transmitir a 2 etapa do Audi DTCC que foi realizada no @user. Assistam!!!",0
"diazinhoo chato !",-1
"só de pensar qe amanhã tem escola me dá um desânimo D:",-1
"É muito bom ir dormir sabendo que amanhã nao precisarei acordar cedo pra ir pra porra daquela escola",1
"Hoje tive o prazer de conhecer o @user aqui no Audi DTCC; grande piloto e excelente pessoa.",1
"Tênis ou sandálias? — Nike Dunk ~http ",0
"É amanhã; hein?! O grande dia! O sorteio do HD EXTERNO Samsung #500GB. E quem está confiante da RT ~http  \0/",1
"Sigam e RT @user + @user #sorteio em 07/01 HD 1;5TB Samsung ~http  ~http ",0
"Colocando o cadarço do adidas da @user",0
"fiz torrada de chocolate :o e tava muito bom :o",1
"o cara de Teardrops on My Guitar é o Tyler Hilton ou é impressão minha?",0
"boa noite pra mim (yn) ' bjbj ;**",1
"2° jogo da Copa Audi Bayern de Munique x Milan #CopaAudiNoEI #Partiu",0
"Eu vou ganhar 1 Tablet SAMSUNG GALAXY dia 30/06/2011; estou seguindo @user e concorrendo; de RT e concorra tb; infos: #multiloja.com",0
"Adóóógo escrever monografias; elas são um ótimo sonifero!",1
"meu tênis chego porraa aeeee! ADIDAS vespa px mid uhuu",1
"Só eu nao gostei do nintendo 3ds?",-1
"Participação na última prova de 10k no ano: Circuito das Estações Adidas com a companhia do @user. Tempo líquido de 00:53:06.",0
"""Se eu fosse um cara… Eu acabei de dizer “se eu fosse um cara”?""  - Chandler Bing de F.R.I.E.N.D.S",0
"Haha; o engraçado é que por enquanto quem tem mais cupons; dos que cliquei; sou eu!!!",1
"Quem nunca jogou Mario no Super Nintendo não sabe o que é se divertir pisando nos outros!",1
"MEU DEUS O SONY ERICSSON É identico ao PSP *-*",0
"QUERO VÊ QUAL VAI SER A PROXIMA MENTIRA QUE VAI ROLA AKI ; PRA TENTAREM GANHAR MAIS FOLLOWERS =/",-1
"eu ;@thaaiis_sz;@tookoo_  e a @user estamos jogando nintendo ds da camila...",0
"ultima semana de ferias; FUDEU",-1
"Eufenismo Paris Hilton .. para que te quero ?",-1
"eu ganhei um celular novo w20 sony ericson",1
"Jaqueta Nike Corinthians N98 Centenário Promoção de R$ 229;90por R$ 159;90Economia de R$ 70;00 (30;44%)  ~http  vía @user",0
"DICA DO DIA: #RENDAS!! Blusa verde com detalhe em renda preta!!! #maravilhosa!!!! ~http ",1
"nao esqueca da #promo do @user Quero ganhar um HD Samsung 320 Gb do @user SIGA E RT ~http  #sorteio",0
"vai rola tetinha ?  (@Julieta2point0 live on ~http )",0
"Quer um Nintendo 3DS na faixa? A @user e a @user resolvem pra você! RT agora e concorra. #89FMGames ~http ",0
"q vontade de sumir...to completamente sem rumo...sem direção...sem saber o q fazer... =[",-1
"Vou comprar um Nike colorido em maio o meu Freeday ta ficando zuado :S",-1
"Meeeeeeeeeeu Deus ; como ta friiiiiiiiiio :s",-1
"assistindo Brasil x Portugal no #EsporteInterativo e ajudar no twitter #RumoAoPentaNoEI :D",0
"está a cada dia mais dificil segurar isso em minhas mãos' #pesado",-1
"Meus batimentos cardíacos: - › Falando sobre a Lua e o Arthur: › › Vendo a Lua e o Arthur: › › Conhecendo a... ~http ",0
"tem gente que nao muda ! mai tu é mto fidiputa msm viu ..",-1
"Será uma estratégia da microsoft para promover seu buscador novo... subordinou um cara da google q fez dar pau em td! #conspirações",-1
"cada um que me aparece; o muleke colocou no FACEBOOK; NIKE SHOX PAH' (H).           --'",-1
"Vander show o menino tem futuro pra cima deles MENGAO",1
"jah baixei jogo de super nintendo rsrs #classico rsrss agora vou tomar banho  e ver a @user meu amoor linda te amoo",1
"hackearam cartões na psn? se fosse eu os usava pra comprar vários wii e xbox360 e mandava entregar pro ceo da sony nos eua",-1
"Tudo sobre as partidas de ontem pela Uefa Champions League; Uefa Europa League e Copa Audi !!!!!!!!!!!!!!!!!!!!!!!!!! ~http",0
"Já tem sua musica pra baixar em algum lugar??? (@wesleyiporti live on ~http )",0
"Photo: › “Não deixe que os seus medos tomem o lugar dos seus sonhos.” › › Walt Disney ~http ",1
"sempre fui comportada; mais agora estou pensando que se dane (8)",-1
"Cara... E se eu disser que eu to com o meu Super Nintendo aqui do meu lado? SPARKSTER TIME.",1
"Chuteira Adidas #F5",0
"Eu considero um pecado da Sony estar lançando esse álbum Póstumo do MJ. Qual o próximo passo? Abrir o seu túmulo para ele gravar um clipe?",-1
"aiiiii; que demora pro meu amor chegar!!",-1
"qm colocar #AguentaMarasco ira concorrer a um iPad 5 e uma Tv Samsung 87` 3D",0
"Preparando para segunda feira... Evento Microsoft - Serviço mais Software especial AZURE!!! Microsoft São Paulo.",1
"Tudo sobre as partidas de ontem pela Uefa Champions League; Uefa Europa League e Copa Audi !!!!!!!!!!!!!!!!! ~http",0
"GANHE um PlayStation 2 Slim Sony na #Promoção Mamãe & Bebê do site de vendas da @user - Clique e Concorra: ~http",0
"frozinho chato :~",-1
"Ou eu assisto essas danadas; ou assisto as aula de matemática aplicada também conhecida como incentivo ao suicídio. Ou seja.",-1
"To indo nessa que tem que troca os peneus...",0
"Diário Lucas Mergel já saiu! ~http  ▸ Principais notícias de hoje via @user @user",0
"Aí; bem que o Fernandão poderia vir pro Inter pra se aposentar e fazer a despedida contra o Barcelona na Audi Cup. Seria uma boa.",1
"foi só eu ou o juiz hj deu uma forcinha de novo??? Fágner era claramente para ter sido expulso; além de um penal não marcado no Dinei!",-1
"Aff na escola agora com #alana# esta um saco",-1
"Câmera Digital Sony DSC-W530 14MP 12x de R$ 32;08 sem juros ~http ",0
"Tempo de hoje...00:51:08...melhor tempo que já fiz nos 10km da Adidas dedicado a Xuxinha;",1
"Chuteira Adidas Campo - Nova - Nº 41 ~http ",0
"Meu msn tah uma merd@; nem vou me estressar!!!",-1
"FLAMENGO X FIGUEIRENSE ; Hojeee !",1
"Assistindo justin BiBa 2 eu nao me canso de ver os videos do @user",1
"Atenção alunos de cursos oficiais  Microsoft - faça o download do Companion Content ~http ",0
"Monitor Samsung 15.6 polegadas por R$33;90 mensais. ~http ",0
"too mega feliz ganhei meu nike 6.0 hj :)",1
"Hoje passei o intervalo inteirinho com a @user ! &gt;.&lt;",1
"Eu quero ganhar um netbook novinho da samsung sorteado pelo @user dê um RT ~http  #Sorteio pelo ~http  #1",0
"Oi galera; hoje nossa turma se superou e mostrou seu talento né; q isso; estamos de parabéns amigos! hahaha :D",1
"SamueL falando que eu faço mt falta! cute *-* &+ disse que essa música ele ouve e lembra de mim.. ~http ",1
"Eu estou falando com a @user com o @user e com o @user",0
"#tafalado! @user É que esse encontro no #Melhoresdoano ; é MUITO LEGAL! O tio gosta de ver artista. #prontofalei",1
"A loira chega a um bar e pergunta ao primeiro que vê: Onde fica o banheiro?Ele responde:É do outro lado.{continua}",0
"Alguem me diz se notes da samsung prestam?",0
"[KineXt] Um Avatar Kinect mais realista? Microsoft trabalha nisso ~http  #Kinect #Xbox",0
"Meu; batata que a paris hilton é de plástico; ela veio de alguma fábrica da mattel! ~http",-1
"Filme Devassa com a garota que não gosta de beber; Paris Hilton ~http ",0
"Assiste esse vídeo do meu projeto / Watch my project video  ~http ",0
"Acabei de votar nos meus artistas favoritos no Prêmio Multishow. Votá lá! #premiomultishow ~http ",0
"Finalmente lembreei di carrega a bateria do meu nintendo ds ixl hsuahsua mó cota ki num jogo",1
"sonhos se realizam: Será que a Nike finalmente vai lançar o tênis q se amarra sozinho; aquele do McFly?  ~http  via @user",1
"bando de inutil nao sabem em q esse guri ninca vai da bola pra vcs unica coisa em q eu digo é q vo ri muito quando vcs chorarem por ele",-1
"Paris Hilton = Chiclete de bola + cartão de crédito",-1
"PROMOÇÃO LUDOR - Câmera Sony S1900 por R$319;00!!!!! (Sony Brasil) Preço com QUALIDADE só a Ludor tem.",0
"mais uma vez levei o MP3 w202 da Sony para a assistência técnica na data de ontem; dia 23/08. Vamos ver quanto tempo levará até a devolução.",-1
"Promoção: quer ganhar um laptop Sony Vaio? Dê um RT; siga @user e @user para concorrer. ~http ",0
"alguem tem o celular samsung galaxy 5?",0
"Bomm q somos so nos duas as chances sao maiores do q se fosse com 10 meninas @user",1
"Fiquei satisfeito com o resultado da última etapa do circuito Adidas 2010... 55 Minutos e 40 Segundos ...",1
"KKKKKKKKK O PESSOAL DA SONY COLOCO VMB KKKKKKK BANDO DE BURROS",-1
"ah que saudade do meu neném :(",-1
"#brandsclub !!!! esperando nintendo wii por 499 reais !",0
"“Eu quero almoçar na companhia de @user”255",1
"#linkk Audi apresenta elétrico A2 ~http ",0
"foda-se vc microsoft foda-se vc biiilll gates; morre diabo.",-1
"Vontade de jogar Super Nintendo =p",1
"“Eu quero conquistar a minha independência digital com o Samsung Star que o @user está sorteando ~http ",1
"BONCHI BONCHI BOM BOM BOM... kkkk #momentoretardada",1
"GANHE um PlayStation 2 Slim Sony #Promoção do site de vendas da @user Clique e Concorra: ~http  #PremiosParaVoce",0
"tava la no @user fumando narguile e bem na hora que a gente ia começar a jogar nintendo e mãe pediu pra eu ir pra casa; que merda :/",-1
"Leo Moura é o meu saco; esse merda nao fez 1 jogada certa.",-1
"A Lady Gaga #queimouseufilme ao ir vestida de bife no MTV Awards sendo que existe um monte de gente que ainda passa fome no mundo.",-1
"Salvei uma pessoa de ter câncer de pulmão.. faça vc também a sua parte! =D",1
"Guerreiroo ; Guerreiroo ; Guerreiroo ; TIME DE GUERREIRO !",1
"obrigado @user",1
"vo jogar meu super nintendo HAHA ; é velho mais é o melhor",1
"Oiee gentee ;acabei de chegaa da fazendaa; muitoo bom =DD carnaval perfeitoo @",1
"Kit Relógio 3 Pulseiras Nike Cuff      de R$ 199;90 por: R$ 99;90 ~http  via @user",0
"aaa q dia mais chato hoje :\  acho que vou jogar um pouco de nintendo wii depois eu volto",-1
"Photo: › Quando se trata de amor nunca é tarde demais. Cartas para Julieta ~http ",1
"Indo dormir ; Boa noite  a todos :D",1
"Conexão Tecnológica: Microsoft anuncia planos para um SDK do Kinect ~http ",0
"Alguem indica eu ? *-*'",0
"ImagineDay - dia 16 de Novembro às 10Horas na ESTG do IPleiria - Neste evento: + info sobre Imagine Cup 2010 da Microsoft - final em NewYork",0
"baixando umas musics aqui no trampo ;)",1
"Lou dormiu aqui de ontem pra hj; dafne ta vindo daqui a pouco pra gnt assistir um filme; yay -Lu",1
"Eu quero ganhar um netbook novinho da samsung sorteado pelo @user dê um RT ~http  #Sorteio pelo ~http  #02",0
"Em uma escala de 0-10 a música da propaganda de 15 anos da Sony é ruim 245733.",-1
"Jogando donkey kong!! Nossa; tirei meu super nintendo do bau!!",1
"Mais que sacanagem é essa?",-1
"Ter você é meu desejo de viver ! ♪",1
"Amanheceu um friozim hoje ein.. gosto disso não; da uma preguiça de tomar banho",-1
"Bom Dia a todosssssssssssssss! =)",1
"Manda Abraço pra mim! Aprendi quase todas minhas musicas com voces! (@cifraclub live on ~http )",1
"Eu quero ganhar 1 Tablet SAMSUNG GALAXY dia 30/06/2011; estou seguindo @user e concorrendo; de RT e concorra tb; infos: #multiloja.com",0
"Mais de 100 vezez que o Luan entra e não me responde :\ #Bua",-1
"Você é sempre chato assim ou só quando esta acordado????",-1
"Nessa tal de Copa Audi ou só vale empate ou Milan e Inter são muito fracos .",-1
"#GANHE um PlayStation 2 Slim Sony #Promoção Mamãe & Bebê do site de vendas da @user Clique e Concorra: ~http ",0
"Tudo sobre as partidas desta quarta-feira pela Champions League; Europa League e Copa Audi !!!!!!!!!!!!!!!!!!!! ~http ",0
"Quero ganhar uma bela Camera Digital Samsung ES65. É só seguir a @user e concorrer ~http",0
"Games e Tecnologia Brasil: Sony apresenta no Brasil a tecnologia 4k de cinema digital. ~http ",0
"poise! não; vc não entendeu. ele tem o pessoal dele que é o Ronaldo Cruz",0
"Eu quero ganhar o Nintendo Wii que o @user vai sortear dia 27/10 (20:00 hrs);RT e follow @user ~http ",0
"Bom dia. Acabei de acordar com muita dor no ombro :/",-1
"Promoção: quer ganhar um laptop Sony Vaio? Dê um RT; siga @user e @user para concorrer. ~http ",0
"fui no dentista hj e dps passei na casa do @user :D ;; tava jogando nintendo wii :B",1
"UM #FODA-SE PARA ESSE AVATERES QUE QUE DIZEM ME SEGUE QUE EU TE SIGO E SO #KAÔ;PELA ULTIMA VEZ SO SIGO QUEM EM SEGUIR ;;)",-1
"nao entendo como um ipod eh melhor q um sony vaio; nao entendo mesmo...",-1
"#LOUVOSÃO sexta è nòs;quero ver tods là 93 è o melhor......",1
"Atacando de DJ: Paris Hilton quer competir com David Guetta e planeja lançar álbum de house music ~http  SENTA LÁ PARIS!",0
"Soou TÃO Viciiado  Em Super Nintendo Que tenho 3 Emuladores No Pc!^^ HuHuahauh #SuperNintendoManiacs",1
"Quando a vida te obriga a enfrentar gente malvada devemos pensar que ela é uma lixa ela pode te arranhar",-1
"Video: A Sony publicou nesta quinta quatro vídeos falando sobre seu novo portátil; que foi batizado... ~http ",0
"Tudo sobre as partidas desta quarta-feira pela Champions League; Europa League e Copa Audi !!!!!!!!!!!!!!! ~http ",0
"Alguem tem um super nintendo com o mario world pra emprestar ?",0
"booom dia; bom domingo para todos (:",1
"AINDA NÃO ACABOU.",-1
"Comecei o dia ótimo hje *-------*",1
"É cada coisa... muitaa saudade da época que restart era o botão do Nintendo !! :/",1
"Xinga o Justin Barbie mas usa um nike igual ao dele #FAIL (@pecesiqueira live on ~http )",-1
"chegar aos 100; irei sortear uma maquina sony rosa; de 540 mega pixels.",0
"gostei do tenis azul la :D ; eu tenho a nike 6.0 preto :P",1
"""so esperando outro black out ; safados fazendo fraude ; quem ta dirigindo um audi ; nunca tomou banho de balde""",-1
"Agora a Nintendo tem que rezar para a @user conseguir mudar jogos para ""arte""; senão ficará dificil para a Nintendo no Brasil. @user",-1
"A microsoft marcou uma era; é inegável. Acabei de ver que eles tem software pra desenho de flowchart; tudo o que eu precisava!",1
"Obrigado internet banda larga. Conferência da Sony agora. #e3",1
"Lançamento da Sony PSP2 mt show galera. ~http ",1
"Ganso seu fdp; como tu te machuca seu caralho?! Agora não vai mais jogar aqui... Vai fazer um fortalecimento muscular; porque tá foda!",-1
"Saindo Aqui Amores Da Minha Vida Razão Da Minha Existência !!...",1
"Marquinho Manda uma camisa pra mim :D (@OficialFlu live on ~http )",1
"que bom!!! menos um problema! agora só me faltam 2 pra resolver hj!",1
"Essa propaganda da Sony 'e muito boa!",1
"cheguei da loja ; ja comprei meu xbox 360 ; agora se pah hj vo volta pra compra a tv de 42 da sony ; outro presente de niver *--*",1
"1 e 6 da manha e eu tuitando daqui do quarto do hotel!!!! mt bom hj!!! '------' comprei um nike shox e uma Gap hoodie",1
"Video muito legal do Audi DTCC Etapa Campo Grande ~http  parabéns a @user",1
"“Não contem para ninguém; mas o Brasil é o meu país favorito.” Demi Lovato",1
"Comprei um short da Nike e o meião canguru da Penalti preto pra jogar no interclasses! :D",1
"dizem que a agua na ponte nova ja eras; alguém confirma?",0
"aguardando resposta da Sony Music..... vamos torcer!!!!!! para ser o site oficial do MWS no Brasil",1
"tenhoo muito orgulho de ser Corinthianaa  #DiadoCorinthians ♥",1
"fiquei cabreiro hoje entrei no site da adidas e vi que la nao mostra que eles patrocinam clubes brasileiros; só tem foto de camisa europeia",-1
"Odeio sair com minha familia",-1
"Oii  @user  #Cat",0
"Sigam e RT @user #sorteio em 14/01 Monitor/TV 24"" Full HD Samsung #P2470HN ~http ",0
"namoraaaaaaaaal; qe filha da putaaaaaaaagem velho; odeio esse tipo de beijo qe você não sabe o significado :@'",-1
"Confiram 3 das músicas do nosso EP no ~http ",0
"Eu baixei um monte de filtro e efeitos especiais pro meu Sony Vegas; meus videos vão ficar lindões agora! &lt;3",1
"Nenhuma situação é tão complicada que uma mulher não posso piorar.",-1
"O papeis coadjuvantes disputados foram o de Luna Lovegood;Lila Brown;e ""apenas 7 mil garotas se escreveram para interpretar Cho Chang.",0
"Microsoft inicia divulgação de seu tablet - Microsoft Courier -  ~http",0
"Se tudo der certo - vou pra Ivinhema fazer outro curso sexta que veeem 0// Aproveitar que o papis ta investindo =)",1
"Chegaram os Brindes da Microsoft pro #MTD2010..:)",0
"Acabo de descobrir um dos melhores sites sobre Nintendo do país: @user  Sensacional!!!",1
"Não creio achei um super nintendo na casa do meu primo; isso merece uma bora roda de de Mario kart.",1
"Boa Noitee (:",1
"meudeus; tentar achar um jogo pra nintendo wii barato é mesma coisa que tentar achar uma lente de contato na piscina",-1
"Joogando Nintendo DSi ;     aô Mariio que não presta ; kkkkkkk'",-1
"Sorteio de Um PlayStation 2 Slim Sony #Promoção Mamãe & Bebê do site de vendas da @user Clique e Concorra: ~http ",0
"Photo: › Pessoas dramáticas me irritam profundamente. Mas sou a pior que já conheci. › › Prefira Borboletas ~http ",-1
"#CopaAudinoEI copa audi ao vivo no ei agora",0
"Tênis Nike encosto alto W Por apenas R $ 249;90 ~http ",0
"o celular do pai chegou hoje; é o novo lançamento da samsung duos tv digital. To tentando conquistar ele a pedir um pra mim.",1
"Centro de Suporte Microsoft Fix it: solução de problemas de software ~http ",0
"Quero ganhar o ingresso pro Rock In Rio ou a Câmera  PL100 da Samsung que o @user tá Sorteando; quer também? ~http ",0
"Você curte tatuagens? Pretende fazer? É contra? Conta pra gente! ~http ",0
"Apple obtém liminar que proíbe venda de três celulares Samsung - ~http ",0
"Minha Mãe está pensando em Comprar o Nintendo Wii' Dou maior força pra ela' kkkk xD",1
"UAU!!!... Fundação leiloa duas unidades cromadas do Audi R8 Spyder ~http  #G1",1
"Sabe a música do tumblr da @user ? é muito linda! haha",1
"Q palhaçada eh essa?! Colocaram um papel escrito Tinta Hoje aki na porta... Ai ai T.T",-1
"Muito bom poder adorar junto com meus irmãos da ibc-cabo frio É #shu",1
"Passei nas provas de Mat. e Física!",1
"Ponei maldito ; ponei maldito; lá lá lá; ponei maldito ; ponei maldito; lá lá lá",-1
"Amanha vou ouvir o @user cantando; estou mais do que emocionado",1
"KKKK ~http  Vc Nao entra na chácara Traira RT“@gabriel_oficial: @user to levando uma pro ce da nike porq adidas ta foda rs",0
"BOM DIA!!! Hj é sexta! Amanhã chega visitas ilustres; prima Nike e amiga Cely. Bom d+!!!",1
"Não comprem nada na Insinuante.com! Comprei 1 MP3 da sony nesta loja virtual e demoraram quase 30 dias pra me entregar o produto. TO FORA!",-1
"GANHE um PlayStation 2 Slim Sony #Promoção Mamãe & Bebê do site de vendas da @user - Clique e Concorra: ~http ",0
"Dormir agora !!! Amanha Viagem longa !!! Go @user !!",1
"è muito barato pra mandar cartas; eu pensava q era caro. kkkkkkkkk vou mandar pro @user semana q vem; ou até essa mesmo. +",1
"tonyhawk o lendário do skate!",1
"Consegui... Ela penso em mim UASHUASHUASHAUHAS",1
"Tem um gato da minha vizinha que quando ele me vê ele corre !!! séra que soou tão feio ???",-1
"#Legendarios ao vivo ~http  .. me segue ai pessual   keveexD.. vlww",0
"KKKKKKK Bom dia *",1
"Mandaram muito bem; meninos! :D (@Carlosdlucka live on ~http )",1
"essa minha mamis ta de brincadeira mesmo; olha meu caderno: DE QUEM É ESSE CADERNO FEIO? ¬¬",-1
"Odeio quando a Sony fica com a legenda atrasada; odeio quando a Sony fica SEM legenda; mas ficar tudo preto é de foder!",-1
"a bateria do meu nintendo ta acababando tenho que sair.TCHAU GENTE",-1
"#eguamolek RT @user  Sony lança binóculos que gravam vídeos em Full HD e 3D ~http ",0
"Booa tardeee *--* que diia de sol mais lindoo; há alguns dias não tinhamos um dia tão lindoo!",1
"Almoçando; p dps ir p cabelereiro",0
"bom dia galera ...              alo final de semana chego em casa q eu naum vô fia é sexta feira vô sai vô farria..",1
"Se eu não fosse fazer Ciências Biológicas com certeza ia fazer Música.",0
"Mania maldita dessas empresas usarem tecnologias da microsoft em sites podres",-1
"Quero ganhar Webcam Microsoft da @user para me conectar com @user ~http ",0
"#KibomSeria se meus pais entendessem que tenho quase 18 anos e preciso de privacidade. :@",-1
"Mas a minha torta de limão ainda é a melhor do mundo!!!(vão fazer fila aqui por conta da minha propaganda...rsrs)",1
"as pessoas que menos imaginamos; são as que mais nos descepcionam :x",-1
"9/Dez: Promoção Microcomputador Celeron 430 N3 1GB/250GB SATA/DVD + Monitor Samsung LCD 15.6"" de 1064 por 949 (10x) ~http ",0
"tem gente ingrata nesse twitter viu #aff",-1
"Nossa hj meu dia começou chaaaato; acordar trabalhar ter que aguentar akele povinho td é froide",-1
"Parabéns para a equipe Brasileira Signum Games! Vencedora da olimpíada tecnológica organizada pela Microsoft “Imagine Cup”.",1
"Muito legal essa matéria no nike corre sobre a meia maratona de Halloween nos EUA ~http ",1
"Agr siim tudo correndo como agente queriia  dia 6 & 7 promoteee ' ;D",1
"#sandynagabi Parabéns Edu #thanksjimcarey #edu Sandoca Paçoca Panteras Microsoft Brasil Esses TT'br ainda? aff -.-",1
"Atenção!! Hoje - Microsoft PDC10 - Sessões transmitidas em directo de Redmond; USA - ~http  - Inicio da Keynote 17H",0
"BOM DIA!!! Hj é sexta! Amanhã chega visitas ilustres; prima Nike e amiga Cely. Bom d+!!!",1
"Lançamentos Sony para seu iPhone 3GS - ~http ",0
"*~http  - Cliquem ae lindos *-* pra me ajudar a ganhar uma camisa do greenpeace :D:D -",1
"Eu achei um da Nike igual ao da Dems.... Tô em dúvida se levo ele ou um outro que eu gostei..",0
"24/11: PROMOÇÃO WebCam LifeCam VX-2000 Microsoft (YFC-00002) de 99;00 por 79;00 (3x) ~http ",0
"quee chuva em santa maria.. cheguei em agudo agora; beleza esse feriadinho 8)",1
"bom dia gente! nossa acordando uma hra dessa?? o.O",1
"Ele não desiste de você; Ele se importa com você; Ele compreende o seu caminhar. Nunca vi um amor tão grande assim... Ele não desiste!",1
"É maravilhoso sentir o poder da ação de Deus em nossas vidas.",1
"O programa Students to Business; da Microsoft Brasil; está com as inscrições abertas para 80 vagas em cursos de capacitação; gratuitos. O p…",0
"#GANHE um PlayStation 2 Slim Sony #Promoção Mamãe & Bebê do site de vendas da @user Clique e Concorra: ~http ",0
"O BRASIL NÃO PODE CONTINUAR ASSIM - UOL Notícias #UOL ~http  via @user",-1
"Porque a Barra sempre tem que ter um engarrafamento fuderoso? Que porra; quase três horas pra chegar em casa; EU EIM! u_u",-1
"lu quando vem para uberlandia  (@LuAlone live on ~http )",0
"-seu idioma eh holandes... R: Italia...                    Meu deus do ceu; q burra. #domigaodofaustao",-1
"Saiba quais pessoas no Twitter que não te seguem. ~http ",0
"Pra quem não sabe o que me dar... to querendo trocar meu celular. Quero um Samsung Galaxy S ou um SII; to em dúvida ainda.",0
"Tudo sobre as partidas de ontem pela Uefa Champions League; Uefa Europa League e Copa Audi !!!!!!!!!!!!!!!!!!! ~http ",0
"Bom dia ! Que dia perfeito; qro praia.",1
"Quem não tem amor em casa; vai se ajeitar na rua;Se você não tem pra dar; sei que a culpa não é sua (8)",-1
"AQIP:As HP12C estão GalRos 380 e nas Gurias 260. A Sony IS15 está na Multisom 499 nas Gurias 305. Td com NF e Garantia.",0
"Tudo sobre as partidas de ontem pela Uefa Champions League; Uefa Europa League e Copa Audi !!!!!!!!!!!!!!!!!!!!!!!!!!!! ~http",0
"e o #neymar jogou muito ontem selokoooo",1
"Toda a equipe MC Tubarão já está em Campo Grande com a Audi DTCC.",0
"""Neymar foi engolido pela monstro do deslumbramento. Perdeu toda noção da boa educação"" - ~http ",-1
"concorra um nintendo wii apenas se cadastrando aqui... ~http",0
"Boa noite!! Promoção - Nintendo WII Black DESTRAVADO + Volante + Mario Kart Original - Somente R$699. mdpaulista@mdpaulista.com.br",0
"tomar banho me trocar e ve qual é daquela festa das naçoes :S",0
"Esse nike sim é vida (k)",1
"último jogo do ABC que eu volto em direção a esse apartamento; que triste",-1
"Em sampa.. Clima delícia; trânsito nem tanto. Bora pro evento. Microsoft ISV Executive Meeting.",1
"Cheguei da academia agora .",0
"Passando para ver os TT' s e sentido inveja do celular top do meu irmão. Samsung andróide",-1
"aeww esses dias vou me empennhar aoo maximoo akii no meu twitter pessoal praa ver se consigoo nee?tentar nao custaa nada",1
"Terminamos de assistir Cartas Para Julieta e fomos direto pra disney assistir HSM3... pra eu fechar o pacote completo de choro né zenti!",1
"Acabei de ganhar uma camisa. da nike ... muito show",1
"""Você sabia que o site da Microsoft está hospedado em servidores Linux""",0
"Já parei para pensar sobre o meu passado ; e perceber o quanto eu já fui Idiota .",-1
"Sonheei com o garoto que eu gosto ; Nossa que emoçãao --'",1
"Quero ganhar Camisa Nike Manchester Home ou Away Original - O Mundo do Esporte ~http  #Sorteio @user (via @user)",0
"jogou @user e fez 5899 pontos na música Under an Alias - @user - ~http ",0
"sou mário; no nintendo eu esculacho; no super ou no 64; eu eu tenho o yoshi kkkkkkkkk.",1
"nossa q da-hora o novo sony ericsson....~http ",1
"Dia 18 de junho #diadoQuímico!!! parabéns a todos os colegas hehehe!!!",1
"Gente; meu cabelo tá tão bom. acho qe vou te ligar a twitcam",1
"vo dormi duma vez; pq amanhã o dia vai ser #TENSO .. Boa noite",-1
"Até Agora Nenhuma Surpresa na Conferencia da Microsoft #e3 .;",-1
"se alguem olhar pra mim na aula e me ver dançando é pq to escutando Asking Alexandria uhsauhsauhsa não da pra ficar parado",1
"Grupo Exaltasamba está participando do Prêmio Vagalume 2010. Vote! ~http ",0
"Absurdo: a Samsung está disponibilizando papéis de parede para celular e alguns deles apresentam  cenas de violência contra gatinhos - cont",-1
"OMG;num consigo seguir mais ngm '-'",-1
"#Sigam @user A maior e melhor festa de colégios do Brasil! +11",1
"amanhã eu certamente vou me arrepender por não ter dormido cedo. :(",-1
"eu sigo @user e quero ganhar 1 Tablet SAMSUNG GALAXY estou concorrendo; de RT e concorra tb; infos: ~http ",0
"Valeu a pena esperar pra comprar um Samsung Corby *u*",1
"tipo; eu AMO ficar postando fotos da Tay no tumblr *-----*",1
"Choveu mais uma vez por aqui.... Que bom... =D",1
"Tênis mistura Adidas Superstar com visual do Facebook : ~http  Tua cara @user",0
"PQP! QUE SOFRIDO MANO! ACAAABAAA JUÍZZZ!!!!",-1
"SORTEIO: CAMISA NIKE OFICIAL 3. Dê RT desse tweet e siga @user até HOJE (15/12) as 12h ~http ",0
"#sorteio Sigo @user e @user Quero ganhar 1 conjunto ADIDAS ~http ",0
"Valor pedido pelo Audi A7 no Brasil equivale ao de três carros nos EUA ~http  vía @user que #absurdo!",-1
"PRAIAAAAAAAAAAAAA...muuuuito sol; muito calor; churras...isso q eh vida.",1
"Acabou de fazer o check in @ Rua Sony 24; Manaus; Brazil ~http ",0
"e o NIKE ROSA que minha mamis comprou pra ela; MORRI DURA ! Lindissímo; quero ele pra mim :(",1
"Gentemmmmmmmmmm q raiva é essa; ninguém desiste da prova...eu heimmm; viu o q a raiva faz com nosso corpo...mastrata e nem sentimos",-1
"Conexão Tecnológica: Patente da Microsoft sugere sistema multiboot com ... ~http ",0
"esse meu msn sempre escolhe as piores oras pra ficar cainduuu ¬¬ .",-1
"Paris Hilton com a mesma cara em todas as fotos? então ela é uma boneca de cera? achei q a cara dela fosse é de pau...",-1
"Promoção: quer ganhar um laptop Sony Vaio? Dê um RT; siga @user e @user para concorrer. ~http ",0
"SUPER PROMOÇÃO DE FIM DE MÊS: Na compra de 20 fontes DUEX 500W REAL (R$ 89;00 cd) vc LEVA uma CÂMERA DIGITAL SAMSUNG - SL30.",0
"isso aew Corinthias!",1
"""A Lotus da Loucura"" em ~http   aguardem!",0
"As fotos do Audi R8 LMS ficaram incríveis! ~http",1
"Promoção: quer ganhar um laptop Sony Vaio? Dê um RT; siga @user e @user para concorrer. ~http",0
"mamis comprou um relógio da gucci lindooo; vou pegar para mim!  HAHAHA",1
"da parabéns daqui a dois dias faço 1 mês de FC ? 6 (@sophiaabrahao live on ~http )",1
"Bom Dia Twiteiros (nem sei se é assim que se escreve rs) as provas acabaram!!!!!!! de ferias da faculdade finalmente!!",1
"Celular Adidas - ~http ",0
"Ti vejo lá. :) RT @user Vou estar no MVP Open Day na Microsoft dia 28/09; espero ver os feras MVPs do momento | #mvpbr",1
"Bom dia to na minha cama daqui a pouco vou levantar e tomar banho depois não sei beijos nem eras desfila ;x",0
"alguem ja add a comunidade sony sai de casa #GameFutebol",0
"Na estrada indo para Evento Microsoft - Serviço mais Software especial AZURE!!! Microsoft São Paulo... Abraço a todos...",1
"o site da sony tá uma bosta..... sempre em manutenção!!! #eisonyvtnc",-1
"Só preciso de você Fernando ♥",1
"VAMOOOOSSSS LuAloneNoCriancaEsperanca 1",1
"cara como eu já to anojada desses fãs do restart qe fikam enxendo no orkut  e falando mal da gi namorada do lanza;eles tem ciumes seilá e +",-1
"10/05/2011 09h30 - Atualizado em 10/05/2011 10h36  Microsoft adquire a Skype por  US$ 8;5 bilhões",0
"É dificil ir quando se quer ficar; sorrir quando se quer chorar; mas dificil mesmo é esqueçer quando se quer amar!",-1
"VOLTEI \O/ comprei meu tenis da nike & minha blusa da marimonroe *-*",1
"Até que enfim meu @user pegou o Nike dele de volta; depois de 6 meses guardado na casa de um amigo dele.",1
"Acabei de assister Awake; um bom filme!! Boa Noite Galera!! :))",1
"Promo: Quer ganhar um Samsung Galaxy 5 da Superfones? Saiba como ~&gt; ~http  #promoção #sorteio",0
"GANHE um PlayStation 2 Slim Sony #Promoção Mamãe & Bebê do site de vendas da @user - Clique e Concorra: ~http",0
"Estou tão feliz!",1
"Fudi meu pé na praça hoje! Puta que óh pariu!",-1
"70 reais a inscrição pro circuito estações adidas lol Vou correr a de novembro !",1
"Kra essa cadela fdp me odeia. Ou ela tem ciúme do Rafa O.O",-1
"No #MagazineCuritiba Hoje HD de 1 Tera Samsung esta de R$ 179;00 por R$ 152;00 a Vista veja ~http  Retuite para seus amigos",0
"Perez Hilton foi entrevistado pela Vogue Hommes Japão; e em alguns momentos ele fala sobre sua amizade com Lady Ga ~http ",0
"Pow; acho que os caras da Nintendo tao perdendo a criatividade com os polemon; vey",-1
"acho que vou me deitar....",0
"auhsuahsuahs instalei meu velho nintendo de guerra. Mazáá Super Mario good times",1
"lool *-* eu vou ganhar um nike da @user  kkk s2",1
"Pra consegui fica perto do MEU TODO PODEROSO eu faria qualquer coisa  #soumanodomano",1
"Niver de um amigão hj... vou ver os amigoooss! VIAJANDO PORTOOO :)",1
"o pior é qe a loja autorizada da Sony ericson é longe pra caranba",-1
":( dia sem graça",-1
"Jaqueta de Couro; Adidas no pé; Baque de heroína e acelerar a 7 Galo com aquele adesivo do nº 13 na frente pelas ruas de SP. #serialkiller",0
"Atenção #Turma3 do programa Microsoft #S2B em Curitiba; as aulas começam amanhã no lab do CTUP.",0
"Máquinas para Parque de Diversões inspirado com personagens da Nintendo ~http ",0
"Veja e responda: Teriam sido separados na maternidade? ~http  E...",0
"Conexão Tecnológica: Samsung lança oficialmente bada 2.0; sua atualizad... ~http ",0
"Experimetei ontem o Nintendo 3DS muito legal",1
"meu primo #BOQUITA ki arrumou minha net  muito obg!",1
"Ser pequena e ainda no fundo da pista; mereço",-1
"assistindo planeta dos macacos. Kkkk filminho bobo --'",-1
"Vencemos o fraquíssimo Atlético-PR com autoridade. Continue assim até o fim! Gremio 3 x 0",1
"Torneio Pokémon para Nintendo DS em Brasília! Gyms Normal e Ghost de Johto - 19/06 no Pátio Brasil. Mais informações: ~http ",0
"Atualização “Mango” da Microsoft será chamada de Windows Phone 7.5 | Gizmodo Brasil ~http  via @user",0
"A NIKE convido eu e o meu primo o gui pra surfar no rio",1
"meu sobrinho está tão lindo *-* fazendo caretinha e dando um role de Nike zo/",1
"O Dudu e a @user tão namorando",1
"Caraca incadritável como as previsões do meu horoscopo pra esse ano estão batendo certinho!",1
"Vou assistir hoje hahaRT @user VOOO ir assistir Harry Poter HAHAHAH alguem qr ir ? essa semana xD",1
"AD NEWS: Adidas estreia websérie customizada no site da Capricho - ~http ",0
"putz eu esqueci a minha carteira la no PY .....--'",-1
"ganhei uma bolsa linda da nike do papiis (:",1
"Eu odeio a Samsung ; ainda mais qdo se compra um Omnia 2 e ele está a mais de mês na garantia e eles não dão previsão de ficar pronto…",-1
"Que nada @user um banho de chuva de vez em quando faz bem! Isso foi por vcs terem me enchido bem o saco na escola vc sabe o PQ.Né",-1
"22:22 - xeque-mate (ou seja; em breve terás quem desejas) vou ficar até 22:22 esperando aqui UHAHUHAHAH",0
"Fiz inscrição no canal de Nintendo no YouTube. ~http ",0
"feriado nacional amanhã : ) \o/ grandes homenagens serão feitas!",1
"que golpe!!! é incrível como;quando tudo esta bem pra você;a vida vem e da um jeito de estragar",-1
"#vemgente Quero ganhar o Galaxy Tab Samsung da @user! Seja meu #amigoeCGlobal e me ajude a ganhar! ~http  via @user",0
"parabens fernanda; vc fez a coisa certa",1
"nao posso mexer no pc antes do almoço entao entrei no nintendo DSi pq ake tem WI-FI",0
"A iniciativa do @user em reeducar os hábitos alimentares nos Eua são plausiveis! Apoiado!",1
"Se você procura notícias sobre a Paris Hilton você precisa de um psicologo. #FALOMESMO",-1
"Bom dia e ótima quarta-feira para todos. Hoje a agenda está cheia.",1
"ahhhhh eu tenho q espera o nintendo carrega mais eu nao consigo =/",-1
"Morrendo de rir com esses tuítes aqui xD",1
"o que me dá mais raiva as vezes; é a hipocrisia",-1
"A outra coisa que me deixou alegre foi o experimento bem sucedido de extração de DNA.",1
"Uma das melhores e mais inspiradoras propagandas que já vi. Adidas All in =) ~http",1
"Eu gostei de um vídeo do YouTube -- Conheça o portátil Nintendo 3DS (Pt - Br) ~http",1
"estudante da UFF que completava seu trabalho de conclusão de curso quer desistir e voltar para sua cidade após assalto armado #UFFnoCQC",-1
"acessando o twitter no meu nintendo dsi. uhu! vo assisti @user",1
"ontem foi muiiiiito bom; festa da nike no arpex depois festa novamente ! cheguei em casa de madrugada cansadao; hj é so relaxar",1
"kkkkkk bom d+ @user  amanhã eu não trabalho.. p gente ir aí",1
"Fica aí uma dica de filme ..""Uma noite fora de série""..muito booom!!..vale a pena..fui!!!! bjos!!",1
"HAUSAHSSU rindo muito agora!! Obs: já era para eu estar dormindo; já que eu vou acordar cedo haha =P",1
"Tempo Bom em Gv......... Clima Perfeito.....",1
"Capa em silicone gel S-Type curve TPU Premium para Smartphone Samsung Galaxy SII preta. Apenas R$ 39;90. Frete Grátis... ~http ",0
"Não poderia deixar de falar; mais uma vez o tricolor carioca decepciona seus torcedores; pobres coitados...",-1
"30/10: PROMOÇÃO Monitor LCD 15.6"" Samsung (633NW) de 439;00 por 359;00 (em 6 parcelas) ~http ",0
"Circuito das Estações adidas 2011 - ~http  #circuitodasestacoes",0
"Tentei assistir a fazenda cm a mami.. mas não dá está MUITO SEM GRAÇA sem o @user! Aai que saudades dele lá :(",-1
"tudo ao memos tempo agora uma coisa de cada vez aomesmo tempo agora...",0
"Tudo sobre as partidas de ontem pela Uefa Champions League; Uefa Europa League e Copa Audi !!!!!!!!!!!!!!!!!!!!!! ~http ",0
"Começaram hoje as aulas da Turma1 e Turma2 do programa Microsoft S2B em Curitiba; trilha #Desenvolvimento.",0
"Adooorei essa idéia! @user Uma TV sem tela? Sim; a Samsung pensou nisso!",1
"Eu sigo o @user e concorro a um Nintendo Wii; clique ~http  e participe também! #promocao #zoonadocelular",0
"MUITO feliz e satisfeito com a conferência da Microsoft na #E3 #GTE3",1
"Minha febre aumentou..Tô indo pro hospital... Aff!!!!",-1
"Viciei na Net do Samsung Star que meu pai achou e me deu; hahah; quero aproveitar e agradecer a mais de 1.290 seguidores Por me seguir",1
"Odeiam qnd Ligam e Ficam em Silêncio Imagino Tudo menos que a Ligação ta Ruim !",-1
"Oxii; tem um povo no meu orkut que só entra no orkut pra ficar entrando em comunidades ¬¬",-1
"sonho um dia vou ter uma r1 que moto é essa!!!",1
"BNoite Twittersrun. Bom encontrar amigos na Adidas Inverno em SP. Blog atualizado. Abracos ~http  SMAM RUNNINGDIVAS",1
"André recebe João Sorrisão porgol marcado na estreia contra o Flu ~http  #ge3",0
"a aula hoje tava fácil até; mas a aula de bioquímica tava super cansativa.  Agora é só relaxar",0
"Sigam e RT @user + @user #sorteio em 07/01 HD 1;5TB Samsung ~http  ~http ",0
"Tudo sobre as partidas desta quarta-feira pela Champions League; Europa League e Copa Audi !!!!!!!!!!!!! ~http ",0
"Só sai gol nessa copa quando o goleira franga!! Afff.....",-1
"Eu vou ganhar 1 Tablet SAMSUNG GALAXY dia 30/06/2011; estou seguindo @user e concorrendo; de RT e concorra tb; infos: #multiloja.com",0
"YEPEEEEE! GANHEI UM SAMSUNG GALAXY 5 DE NIVER ADIANTADOOO! É TOUCH SCREEN; TEM NET: ORKUT; TWITTER; FACEBOOK; ETC; TEM CÂMERA E É LINDO! :-D",1
"Puuuuuuta Maaaanoooo! Deu pau no meu Sony DVD Architect e não tava conseguindo instalar de novo! Que medo! Agora consegui!",-1
"Tudo sobre os jogos desta quarta-feira pela Uefa Champions League; Supercopa da França e Copa Audi !!!!!!!!!! ~http ",0
"tô no trampo; hoje ta suaavee; ontem fooi coisa de louco; maaas hj está do jeito que eu gosto #curtindootrampo",1
"Veja a campanha de lançamento do novo Sony Xperia Play ~http",0
"porra n tenho paciencia pra fica upando de boa nesses joguinhos :(",-1
"Agora vou ter 8000 microsoft points!!!",1
"Bom dia povo ;D",1
"ai gente eu to tão feliz; finalmente eu passei na recuperção",1
"Eu sempre quis ter o corpo de um atleta. Graças ao Ronaldo isso já é possível ;D",1
"Alguem sabe o nome do filminho de ontem? da aula do Capelari?",0
"Keith Urban é uma obra de arte",1
"'Não corrigimos falhas menores para não danificar o produto'; diz Microsoft ~http  #G1 || Explica isso pro cliente #soudev",-1
"Tudo sobre as partidas de ontem pela Uefa Champions League; Uefa Europa League e Copa Audi !!!!!!!!!!!!!!!! ~http ",0
"A Microsoft precisa repensar o ícone de ""salvar"" dos seus programas... Disquete não dá mais!",-1
"Tudo sobre os jogos desta quarta-feira pela Uefa Champions League; Supercopa da França e Copa Audi !!!!!!!! ~http ",0
"Ganhe um Microsoft Office 2010 Professional ~http  via @user",0
"qual seu celular? — samsung ~http",0
"Surgem primeiras imagens do Microsoft Explorer Touch Mouse ~http  via @user",0
"serio??? Amy Winehouse morreu",-1
"porra não sei qual a animação do pessoal pra ficar vendo computadores por aí ¬¬ e ruim ainda ; sou mais sony ou dell do que hp",-1
"Inter vence Milan nos pênaltis e é 3° colocado na Copa Audi &gt; ~http  #tudopravocecurtir",0
"É o proximo premio do @user ? =D @user Testando samsung i9000",0
"Tenho que concordar; dessa vez acho que a SONY forçou a barra; a voz na "" Breaking News "" não é do Michael Jackson; parece um backstreet boy",-1
"comecei a jogar JONAS pra nintendo ds; é bem dificil mas divertido =D",1
"minha casa esta mal assombrada rapaaazzzz !!!!! ))):",-1
"a Paris Hilton tem algum tipo de sentimento? pq ela está sempre com a mesma expressão!!!!!!!!!!!!!!!!!!!!!!!!!!",-1
"Creio eu que nintendista é o ser mais insuportavel da face da terra ; pior que torcedor de futebol; nintendo &lt;3",-1
"Tirei 10 na prova de inglês; mó tempo ki eu naum tenho uma nota dessa'",1
"A falta de tweets do @user é um espanto.",-1
"muito legal o treino hoje estreiei o meu novo tênis nike ctr360 muito tri",1
"Quer ingressos p #NoitesCariocas c/ Zeca; Lulu; Encontro de Orquestras + brindes? Dê RT nesse tweet veja o regulamento ~http ",0
"Os exames Microsoft @user serão reajustados  essa semana. Aproveite nosso treinamento e ganhe um voucher de 100%  ~http ",0
"A abertura da press conf. da nintendo com as imagens de zelda e aquela orquestra fizeram rolar algumas lágrimas de nostalgia aqui =~~",1
"Hopi Night Eléktron estreia show inédito no Brasil que une 3D; laser e efeitos especiais ~http ",0
"meu pai eh mtooo burro ele nao sabe mexer no microsoft office word kkkkk minha mae ta ficando irritada hahahah",-1
"SEGUNDA CORRIDA DO AUDI DTCC EM CAMPO GRANDE ~http  via @user",0
"Jogar futebol no Nintendo SNES é assim que a vida deve ser... Indoo",1
"twitter perdendo a graça -q",-1
"Olhar Digital: Panasonic; Sony e Samsung se unem para produzir padrão de óculos 3D ~http ",0
"saindo aqui '",0
"ae mlkada o @user vai me arranja uma regata da nike e uma da adidas *-* ; AHHAHAAH'",1
"Já ta quase chegando as ferias =)",1
"tem pessoas que quando agente tenta esquece parece que e ai que ela aparece :(",-1
"gabriel em casa moleque chato",-1
"alguem ta vendo altas horas falandoo sobre a legalização ? &gt;&lt;",0
"naum eh possivel q naum tenha nenhum amigo disponivel p tomar uma breja",-1
"ahh; nem vou mais pra igreja...titia ligou pra mamãe pra irmos pra lá! como sempre; vou ficar jogando nintendo com minha prima... --'",-1
"tem muito peixe; e peixe grande!!!",1
"estudar quando chegar em casa....q raiva",-1
"#dançadosfamosos essa banda castiga os ouvidos;prejudica os dançarinos",-1
"Affff maria pai!!! Que homem lindo é esse??? É @user rsrsrsrs...",1
"Eu tava olhando minhas fotos; é muita foto :O",0
"Audi A5 DTM; substituto do Audi A4 DTM nas competições de alemãs turismo. ~http ",0
"ALGUÉM QUE ME AMA PODERIA ME DEIXAR JOGAR POTTERMORE NA SUA CONTA? PORQUE EU APAGUEI MEU E-MAIL PRA EU JOGAR E JÁ CHOREI MUITO COM ISSO D:",-1
"Vou ir comer um mc e depois vou ir no jogo com meu pai; seca os gambas! ahahahha",1
"Lançamentos Sony para seu iPhone 3GS - ~http",0
"Eai .. sei nada pra faser &gt; #TÉDIO",-1
"eu sigo a @user ; a melhor loja de revenda da VIVO; com serviço delivery e concorro a 1 celular Samsung 1086 ~http ",0
"Vou ter que usar o sony ericsson lixo ou o da claro mais lixo ainda ¬",-1
"kra vou ter um infartoooo",-1
"É triste ver o que a Sony tem feito com o nome do Michael. Em maio teremos um novo CD Póstumo do rei do pop. Deixem-no morrer!",-1
"Sorteio de um Samsung Star da @user #promocao ... vou ganhar !!!!",1
"ei galera vou fazer a tarefa do NI (eureka)",0
"queria que o principal produto da Microsoft fosse desenvolver websites em html e css; talvez assim eles se comoviam e desistiam dos IE!",-1
"Delicada como Boneca: SORTEIO DO BLOG : Secador rosa e Perfume Adidas ~http",0
"Loja da nintendo comemorando os 25 anos de Zelda: ~http ",0
"alguém sabe ; algum site qe veenda o Nike Dunk High ?",0
"o jogo do scooby-doo foi mais legal até agora!",1
"Conexão Tecnológica: Nvidia e Microsoft deixam a PC Gaming Alliance ~http ",0
"Eu queroooooooooooooo. *-* RT:. @user  O Boné Nike do Centenário ficou irado! ~http ",1
"veja a dança do sapo (frog dance). ~http ",0
"Sem contar que minha conexão com a velox parou do nada.. E eu pretendia ter uma conversa no msn antes de dormir... Que saco.",-1
"78- meu notebook é o mais lindo ever ! ( Sony Vaio vermelho fosco )",1
"ah que merda esse frio; não da vontade de fazer nada.....",-1
"""Passamos a amar não quando encontramos uma pessoa perfeita; mas quando aprendemos a ver perfeitamente uma pessoa imperfeita.""",1
"Minha amiga querida #Mirian. ~http ",1
"A Marina foi pra Prova",0
"Ei ... Faça do seu dia da mulher o mais fantástico de todos ! - Passe aqui em casa ! haushuahsuhausa",1
"Putz Vei Toh Tentando Baixar O Sony Vegas No meu #PC Windows 7 Naum  Mais Naum To Conseguindo Alguem me ajude",-1
"Criptografia em dispositivos móveis....mais que uma obrigação...uma necessidade....",1
"Novo Audi A6 2012 chega em setembro: Novo Audi A6 2012 chega em setembro ~http ",0
"salve o tricolor paulista; amado clube brasileiro #novositesoberano",1
"PUCPR traz executivo da Microsoft para falar sobre impacto de tecnologias no mercado de trabalho ~http  via @user",0
"Pensa numa PORCARIA de celular... ele se chama SONY ERICSSON... :P",-1
"Pela primeira vez tenho vontade de comprar um protatil.O psv está muito legal.Vamo ver o que a nintendo tem para mostrar daqui a pouco.",1
"Deus me surpreende a cada dia...hj foi um deles... =]",1
"Acabou de postar uma nova foto ~http ",0
"Putz não consigo conectar a minha Canon com o Dragon Stop Motion! :(",-1
"Mais eu sei q nos podemos chegar a minha meta de hoje né ?? então minhas coloridas(os) sigam e indiquem :D",1
"rsrsrs vc canta muito; mal (@InterativaFM live on ~http )",-1
"pessoal daqui a 30 minutos a NINTENDO se apresenta para a E3 2011",0
"acabei de derramar um litro de água na cama ;s",-1
"Google e Microsoft dominam 60% do tempo gasto pelo brasileiro na rede.  ~http",0
"Dica pra ganhar seguidores  ~http  Com surpresa de seguidores",0
"haaaaa troquei o meu cel ; agora tou com o Samsung Wave 533 ; ele é lindo *-*",1
"Entenda o que a Sony fez comigo: ~http ",0
"O maior erro dos pais e nao admitir que nao foram adolescentes!!!",-1
"Paris Hilton tem dinheiro mas é pobre de  muitas coisas...",-1
"Dei meio dorminid para o leo; e ele todo fortao ~http  um inteiro. Kkkk foi todo relaxado para o mundo de Bianca.",1
"gente esqueci de contar hoje ganhei um nike muito fofo *-*",1
"VIAJAR AMANHÃ? OBAAAAAAAAAAAAA!",1
"Usei o SH-RH como creme de hidratação. Amei o resultado vale muito a pena gastar um pouquinho mais",1
"parabéns a sony por estar chegando a loja playstation no brasil. espero que o brasileiro saiba dar valor. reclama que não tem nada",1
"Eu gostei de um vídeo do YouTube ~http ",1
"Vou comprar meu nike *-*",1
"Parabéns Corinthians!!!! Somos mesmo uma Nação!!",1
"Eu gostei de um vídeo do YouTube -- Grandes Vlogs - Fada do Dente ~http ",1
"Batalha do século: IPhone 4 versus Samsung Galaxy S",0
"Eu sigo @user e quero ganhar uma Câmera Digital Samsung 14.2 na promoção: ~http ",0
"que video parado _|_ (@maaah_loopes live on ~http )",-1
"Eu sei o que você está fazendo; Nintendo ~http ",0
"Legal é o Nick chegando pra apresentar na abertura da loja da Microsoft com seu iPhone e iPad a tiracolo HAHAHAHA ISSO AII NICHOLAS!!",1
"muuuuitoo lindo o depoimento que eu recebi do meu amoor *-*",1
"Uma ótima idéia para a utilização das mídias sociais: adidas | name the London 2012 official match football: ~http ",1
"Like e Berenice foi show ontem no pavilhão da festa de Santana; e hoje vai ser show no xale em Caicó.",0
"Combo Claro Flex : 3 linhas com aparelhos e mais de 500 minutos para qualquer operador por apenas 197;90; (1BB Bold 9000) (2 samsung c276)",0
"tenho uma Adidas Predator Absolute pra vender :D",0
"Estou feliz com o tempo que consegui fazer na corrida do circuito Adidas etapa primavera.",1
"oi; voltei; fui lah na BackWash e comprei um Nike 6.0 meio esquisito mais bunitinho *-*",1
"Que bom que as aulas começam quarta! Porque ai; são só 3 dias de aula! HSAUHSUAHSUHA",1
"hoje eu estou boladao",-1
"vou comer pastellllllll",1
"terça-feira o sony disse que era viado #GameFutebol",-1
"Meu Deus todo santo dia eu me machuco --'",-1
"MP3 já está pela 2 vez na assistência técnica há 23 dias. Pergunta: Caso seja a situação de substituição; a Sony n poderia já ter feito?",-1
"Obrigado à Microsoft por fuder com meu computador. Passarei mais algumas horas à noite tentando salvá-lo.",-1
"ja vou indo ja ta tarde bjssss",0
"Paris Hilton PMMB PixelArt Que tal esse novo servico ~http  muito mais seguidores pra voce",0
"Árbitro: Antonio F. de Carvalho Schneider/RJ LADRÃO MALDITOOOOOOOOOOOOOOOOOOOOOOOOO",-1
"Pessoal; Promoçao do HD 1 Tera Sata2 Samsung ~http  Confira no #MagazineCuritiba Divulge com RT para seus amigos !",0
"Agora sim porra Vamo Que Vamo como nos velhos tempos :B",1
"Hj vou comecar a pegar firme nos estudos!!!!",1
"Seis meses depois de organizar Paris Hilton em sua casa; Luke's deu a Kesha a oportunidade de cantar vocais de fundo para o single de Hilton",0
"vo desligar o nintendo e ja volto",0
"Dia 07 no feriado vem curtir edição especial da LIIBRA com lançamento da NIKE !!!!!!!!!! ~http",1
"pessoas prometem coisas e nao cumprem.. falam demaaaaaaaais!",-1
"A POP TRADE conquista TOP DE MARKETING de 2011 -  case SAMSUNG – COMO IR DA 4ª A 1ª NO MERCADO ADOTANDO O TRADE MARKETING COMO PRIORIDADE",0
"Promoção Tweete e Ganhe sorteia uma Câmera Digital Sony Cybershot! Participe com apenas 1 tweete. ~http  #tweeteganhe",0
"Vendo Ufc #Andersonsilva",0
"saaaaaindo aqui meus amores . indo pro banhojinho ; beeijos . &lt;3",1
"Uma pessoa tão especiiaL aniversariando hoje! @user #ParabénsMinhaAmiga",1
"Eu tenho um driver samsung no xbox 360 e não consigo rodar o assassin's creed brotherhood. me ajudem por favor!! vlw!",-1
"uowww Radiojornal  Sequência.! contornamos as dificuldades e tudo deu certo no final!",1
"comprei um nike 6.0 ontem mto GAY mas eh bunitinho ahsuahsuahsau",1
"vcs ja viram algun ser humano usar o umbigo como forma ??",0
"Boa Tarde!!!!",1
"Cara; a Apple faturando 10 bi a mais que a Microsoft e famílias aqui no Brasil com renda mensal de 50 reais. Nojo é pouco...",-1
"Eu sigo @user e quero ganhar 1 Tablet SAMSUNG GALAXY estou concorrendo; de RT e concorra tb; infos: ~http ",0
"Compras de nike e reebok. axo xique! adoro",1
"Oque você faz quando para num Semáforo; ao lado de um Audi TT (ouvindo Linkin Park) ??? &gt;&gt;&gt;&gt; Aposta Corrida !!!!!!",1
"show da @user esse sabado! vamo ae geral!",1
"Caaara; esse nike que minha avó me deu é o melhor tenis que eu já calcei EVER!!",1
"Tudo sobre os jogos desta quarta-feira pela Uefa Champions League; Supercopa da França e Copa Audi !! ~http",0
"sim e vc @user ?",0
"Se você pudesse ser convidado para a festa de aniversário de uma pessoa; de quem seria? — Paris Hilton *-* ~http ",0
"to super fudido em calculo I preciso de 30 em 34 #superfudido",-1
"Só faltou o @user pra propaganda da Nike ficar perfeita.",1
"Eu sigo o @user e concorro a um Nintendo Wii; clique ~http  e participe também! #promocao #zoonadocelular",0
"Alguem tem um carregador da samsung para me emprestar ai ?! :s",0
"Rabo preso é outra coisa! kkk @user Apple acusa Samsung de copiar iPad e iPhone ~http ",-1
"Namco e Microsoft ""lançam"" grátis maior jogo de Pac Man do mundo (Notícias) ~http  via @user",0
"Dias melhores estão por vir.",1
"só se fala desse centenario! q buceta! grande bosta",-1
"Fui barrada. Sou perigosa? #Medo",-1
"Photo: › Dou risada sozinho imaginando coisas que eu queria que acontecesse. ~http",1
"Iniciando os teste do Microsoft Office 2010",0
"a segunda morreu achatada contra o assoalho; a terceira caiu na tua mão. E foi a que mais doeu !",-1
"HOJEEEEEEEEEE (véspera de feriado) LIMELIGHT & HI-FI; Quinta e Sexta LIMELIGHT; Sábado HI-FI... lili.eventos@uol.com.br",0
"lalah_ferreira @user ¬¬'",0
"quero jogar meu Pokemon de nintendo DS' mais como meu pc não liga e eu to no notbook; não daa née' #HEELLL",-1
"prefiro jogar a copa chevette; e ganhar do que ir pra COPA AUDI e tomar um banho de bola; do time B do barcelona #CopaAudiNoEi",0
"flw lindos vou jogar super mario! no nintendo ke eu acabei de achar!",1
"Perdi meu celular!!! Samsung Omnia Pro (B7320L)...",-1
"Daew Gente tenho 2 noticias ruim e boa ; a boa e qe vou ganhar um Nintendo Wii☺ ; a ruim e qe amanha vou  ter prova☹",0
"Hoje a tarde A @user já estará no @user montando toda a estrutura do AUDI DTCC para este final de semana.",0
"Ótima idéia do @user RT: @user HD externo é feito em fita de Super Nintendo ~http ",1
"tenho uma chuteira da adidas pra vender  :p",0
"Não sou tão fã do Ronaldo; mas esse comercial da Nike é realmente digno de uma lenda ~http ",1
"me deu uma tristeza do nada dai a @user fala: peraí que eu vou botar uma musica pra tu chorar *o* KKK sálouca &lt;3",-1
"melhor dizendo... eu sou feia né",-1
"KKKKKKKKK O PESSOAL DA SONY COLOCO VMB KKKKKKK BANDO DE BURROS NOSSA OLHA SÓ",-1
"Um monitor sem fios de 27 polegadas da Samsung - Lançamentos - TechTudo ~http  via @user",0
"to na igreja; é muito barulho :/",-1
"Paarabens meu amor!!! Estou muito feliz! @user  Quero te ver com todos seu planos sonho e desejos realizados! LVU",1
"Só é dificil me ver alegre.",-1
"Uns ainda m falam; q o eltinho é melhor do q o lucas mendes; soh pq ele ataca.... o lucas mendes naum ia fazer aquelas merdas....",-1
"Escolhi você no meio de 7 bilhões de pessoas e escolheria de novo; no meio de 14 trilhões se necessário.",1
"Adoro o #bigfollow pois é simples e objetivo: ~http ",1
"AAH @user mimiu aki a gente saiu juntas ontem foi muito boooom \o\o\o\",1
"Perguntas desconexas: o que fede mais: cocô ou xixi? Sony lhe respeita como consumidor?",-1
"Só 10 caixas postais? RT @user RT @user UOL HOST e Microsoft anunciam o lançamento do UOL HOST Exchange ~http ",0
"Fiquei a tarde toda com as minhas amiugas (os) lindos e o lindo do Luís! :D",1
"Câmera Digital Samsung ES70 - R$ 270;00 c/ frete incluso pra todo o Brasil. Entrem em contato.",0
"puta q pariu :@ tem 3 seres aki de 7 anos me enchendo :@",-1
"Começando um dos melhores eps de seinfeld na sony agora; o do estacionamento. Run!",1
"ensaio fui",0
"Nada bom… Menos de 10BB's… Agora é cruzar os dedos…. #RSopen",-1
"aii eu amo vcs beliebers !!! o que seria de mim sem outras fãss  ;)",1
"Capa em silicone gel S-Type curve TPU Premium para Smartphone Samsung Galaxy SII. Apenas R$ 39;90. Frete Grátis... ~http ",0
"Eu quero ganhar 1 Tablet SAMSUNG GALAXY dia 30/06/2011; estou seguindo @user e concorrendo; de RT e concorra tb; infos: #multiloja.com",0
"#GANHE um PlayStation 2 Slim Sony #Promoção Mamãe & Bebê do site de vendas da @user Clique e Concorra: ~http",0
"Uhuuuu!!!! Meu celular samsung galaxy ta quase chegando...Android voltou...hááááá´!!!!!",1
"HD Externo Samsung 1TB por apenas 254;00 no @user ~http  Já comprei! Obrigado @user pela dica.",0
"é muita coisa errada pra um mundo só :/",-1
"+ do projeto do @user e @user na Argentina ~http  Dessa vez uma matéria da Sony de lá... ;)",1
"Que preguiça de levanta da cama :s",-1
"Fiz 15 anos \o/",1
"Quero ganhar uma bela Camera Digital Samsung ES65. É só seguir a @user e concorrer ~http  #Compex21anos sempre com você.",0
"Hj o Mario completa 30 anos  uns dos icones da Nintendo que nasceu em 1981 e hj completa 30 anos #HappyBirthdayMario",1
"Steam recebe a versão errada de Dead Island dos desenvolvedores:  Faltando poucos dias para o lançamento de Dea... ~http",-1
"Passando só para dar boa noite!!!",1
"o nike do chaz ortiz é muito lindoooo",1
"Novos EEE pc: depois de usarmos linux para conseguir descontos da microsoft no round 1; só vendemos com windows agora; surpresa! ...",1
"[GT] 24 H Spa: Filipe Albuquerque e a Audi em Spa com objectivo bem definido - ""Queremos vencer!"" — ~http ",1
"jogando nintendo wii !!!!",1
"Ai que raiva!!! Tô a dias tentando instalar a uma atualização do samsung apps e nada...",-1
"meu pai levou o PC pra formatar ; e ele ta bem estranho; sumiram os favoritos e tals ; UXAAAA",-1
"Kkkkkkkkkk a Nintendo mostrou o WiiU; foi poir q vê a vó pelada !",-1
"Quem já está inscrito e registado para o Evento na Microsoft - Windows Phone 7 - e não tem meio de deslocação.... ~http ",0
"03/11: PROMOÇÃO Monitor LCD 22 Samsung (T220) de 649;00 por 549;00 (6x) ~http ",0
"a Samsung é melhor #propagandasemfrescura",1
"Esperando o #Hamburguer chegar ; ta demorando pra crlh pra chegar já mané namoral . :@",-1
"Workshop de Gestão e Relacionamento com Clientes. Em clínicas e hospitais. Neste sábado! ~http ",0
"Faz plakinha pra mim meuu (@giuliafrota live on ~http ))",1
"""O jeito é dar uma 'corridinha' com vc"" Rsss fui com o maridão Rsss!",1
"Entre indas e vindas me resumo feliz. entre altos e baixos me resumo equilibrada",1
"Sigam e RT @user + @user #sorteio em 07/01 HD 1;5TB Samsung ~http  ~http ",0
"E também estou muito ansiosa para que chegue logo dezembro pra que minha amiigah Lays chegue logo to morrendo de saudades (L)♥",1
"Estive lendo twittes aqui... Só rindo; e ALTO...",1
"Anciosa pra ver a despedida de @user vc sempre  sera inesquecivél",1
"Arrumando as malas...",0
"Que bosta; vão ficar com ps vita. Pessoal da sony tá ruim para nomes.",-1
"Site para profissionais certificados da Microsoft é atualizado: ~http ",0
"Heei amanhã; faço 16 anos hihi me da parabéns adiantado? (@Giiograssi live on ~http )",1
"Review: Audi A1; a dinâmica porta de entrada | Jalopnik Brasil ~http  via @user",0
"Acho que irei pintar meu cabelo de preto ..",0
"Aula de português um téeedio !",-1
"Jesus como é bom Te Ter comigo;eu Te Amo mais do eu mesma possa imaginar!Meu Lindo sou totalmente dependente de Ti..",1
"Minha mãe conseguiu instalar o super nintendo aqui em casa kkkkkkkk....to relembrando os velhos tempos muito doido poskaopksa",1
"Audi R8: Elton John leiloa dois exemplares cromados: Audi R8: Elton John leiloa dois exemplares cromados ~http",0
"vou cópiar a matéria e depois me arrumar.",0
"Bom dia!! Aos brilhantes profissionais @user @user @user @user @user @user @user.",1
"aaaaaaaaaaaaaaaaaaaaah que merda!  Ainda tenho mais uma aula; hj a noite ...",-1
"TWITTERSRUN MIDIA SPORT DIVULGA AS FOTOS DA aDIDAS iNVERNO sp 2011 ~http ",0
"Ainda bem que amanha nao vai ter aula",1
"Eu quero ganhar o Nintendo Wii que o @user vai sortear dia 27/10 (20:00 hrs); RT e follow @user   ~http  :P",0
"Quero ganhar meu Samsung Star na @user",0
"comi brigadeiro e minha tia ta fazendo morango com creme de leite. será que dou conta? oO'",1
"Pronto Lele; mari e isa. :) Não; vou esquecer. *_* @user @user @user",1
"Ah! @user; o mundo vai acabar e eu nem casei ainda; viu!#querosairdocatitó",-1
"Promo: Concorra 1 Samsung Galaxy 5. Saiba como ~&gt; ~http  #promoção #sorteio",0
"Eu quero ganhar o Nintendo Wii que o @user vai sortear dia 27/10 (20:00 hrs); RT e follow @user ~http  :P",0
"Fui enganado pelo conceito da marca. Me sinto um idiota completo. Como um MP3 fabricado pela SONY pode ser tão decepcionante!",-1
"Boa noiite Fiel! ;) #CorinthiansIsBiggerThanCNN @user",1
"oi gente; hj me decepsionaram; qando eu descobri que ao meu redor tem poucas pessoas confiáveis  e o resto é tudo gente hipócrita e falsa",-1
"Estou postando fotinhos no Face ^^",1
"#sorteio 2 tênis nike fem. cadastre-se no site ~http  participe aqui ~http  (@lojatenisonline) #TwitPromo",0
"Vem cá; sou só eu que odaaaayo quando eles falam ""no sony entertainment television""????",-1
"Corram! Lances por R$ 0;50 até o início do leilão de um HD Externo 500GB - Preto - Samsung : ~http  ! #promocao #kuasedegraca",0
"Clique aqui para chegar é  BING MAPS !!!! ~http  #MTD2010",0
"Conheça o Samsung GalaxyTab | Techlider - O seu blog de tecnologia ~http ",0
"hoje eu vi uma menininha com um tennis da nike roxo tão lindu *-* rs",1
"Simplesmente inadimissível !!!!! Enquano a Globo; CBF e Nike escalarem o time vai ser isso aí....e 2014 tá chegando....que vergonha!!!",-1
"PATRIMÔNIO DO BLOG OS AMIGOS DA ONÇA =&gt; Duas câmeras digitais (Fujifilm JX 280 e Sony Cibershot); três noteboo… (cont) ~http ",0
"Eu quero o Nintendo 3DS Cosmo Black que a @user está sorteando! ~http ",0
"Lançamentos Sony para seu iPhone 3GS - ~http ",0
"Assistência da Samsung em Florianópolis: além de mentirosa; uma bela porcaria!",-1
"alguem ja addicionou a comunidade sony sai de casa #GameFutebol",0
"As vezes bate um medo...",-1
"hooje fui na loja e peguei muuuuuuuuuuuuita roupa! muito bom !!! e depois niver do calvin hauhahaha huhu!",1
"Os dois filhos de Devassa #tuiteumfilmecomdevassa",0
"Soulja Boy - Swag Flu (Ft Birdman & Gucci Mane) A Melhor Músicaaa",1
"É tempo de Honrar meu Pai; Meu Deus; que amo; creio e confio!",1
"Muito Bom ^^ @user ótimo! Adidas faz vídeos interativos em nova campanha: ~http ",1
"indico: @user @user @user @user @user @user @user 4",0
"Vamoos ganhaar Vascoooooo",1
"gosto do #bigfollow pq eh simples e objetivo ~http ",1
"To com muita dor de cabeça :( Que nunca passa...",-1
"A Sony e as suas promoções! ~http",0
"Ahhhhh Liindooss  Amoo vcs ! (@fiuk live on ~http )",1
"Quero ganhar um Nike 6.0 que a @user está sorteando! (~http )""",1
"Literalmente muitooo feliz ... ganhei um tenis da adidas mt shou .. adoreiiii*--*",1
"HD Samsung 1 Tera Sata2; ta na promo HJ; Só R$ 175;00 a vista ~http ",0
"PRESIDENTE DA NINTENDO SE DESCULPA PELO FRACASSO DO 3DS ~ Leitura Games ~http",-1
"TWITTERSRUN o2 DIVULGA AS FOTOS DO ADIDAS SP INVERNO ~http ",0
"Véspera de feriado e nem pra turma combinar de ir embora.",-1
"Excelente ideia para o natal! Presentei seu amor com a mais nova fragância masculina da Gucci Sport Pour Homme  ~http",1
"""Prazer; Chandler Bing. Do gaélico; Bing significa : Seu peru está pronto. BING. ""  - Chandler Sensacional. rs",1
